Classification,Year,Period,Period Desc.,Aggregate Level,Is Leaf Code,Trade Flow Code,Trade Flow,Reporter Code,Reporter,Reporter ISO,Partner Code,Partner,Partner ISO,2nd Partner Code,2nd Partner,2nd Partner ISO,Customs Proc. Code,Customs,Mode of Transport Code,Mode of Transport,Commodity Code,Commodity,Qty Unit Code,Qty Unit,Qty,Alt Qty Unit Code,Alt Qty Unit,Alt Qty,Netweight (kg),Gross weight (kg),Trade Value (US$),CIF Trade Value (US$),FOB Trade Value (US$),Flag
H2,2002,2002,2002,4,0,1,Import,894,Zambia,ZMB,0,World,WLD,,,,,,,,2204,"Wine of fresh grapes, including fortified wines",7,Volume in litres,230842,,,,230842,,269580,,,2
H2,2002,2002,2002,4,0,2,Export,894,Zambia,ZMB,0,World,WLD,,,,,,,,2204,"Wine of fresh grapes, including fortified wines",7,Volume in litres,90598,,,,95875,,102138,,,6
H2,2002,2002,2002,4,0,1,Import,894,Zambia,ZMB,36,Australia,AUS,,,,,,,,2204,"Wine of fresh grapes, including fortified wines",7,Volume in litres,220,,,,220,,352,,,2
H2,2002,2002,2002,4,0,1,Import,894,Zambia,ZMB,72,Botswana,BWA,,,,,,,,2204,"Wine of fresh grapes, including fortified wines",7,Volume in litres,109,,,,109,,100,,,2
H2,2002,2002,2002,4,0,1,Import,894,Zambia,ZMB,156,China,CHN,,,,,,,,2204,"Wine of fresh grapes, including fortified wines",7,Volume in litres,72,,,,72,,72,,,2
H2,2002,2002,2002,4,0,1,Import,894,Zambia,ZMB,251,France,FRA,,,,,,,,2204,"Wine of fresh grapes, including fortified wines",7,Volume in litres,181,,,,181,,298,,,2
H2,2002,2002,2002,4,0,1,Import,894,Zambia,ZMB,381,Italy,ITA,,,,,,,,2204,"Wine of fresh grapes, including fortified wines",7,Volume in litres,196,,,,196,,217,,,2
H2,2002,2002,2002,4,0,1,Import,894,Zambia,ZMB,410,Rep. of Korea,KOR,,,,,,,,2204,"Wine of fresh grapes, including fortified wines",7,Volume in litres,67,,,,67,,54,,,2
H2,2002,2002,2002,4,0,1,Import,894,Zambia,ZMB,710,South Africa,ZAF,,,,,,,,2204,"Wine of fresh grapes, including fortified wines",7,Volume in litres,179424,,,,179424,,204800,,,2
H2,2002,2002,2002,4,0,2,Export,894,Zambia,ZMB,710,South Africa,ZAF,,,,,,,,2204,"Wine of fresh grapes, including fortified wines",7,Volume in litres,90518,,,,95795,,101257,,,6
H2,2002,2002,2002,4,0,1,Import,894,Zambia,ZMB,716,Zimbabwe,ZWE,,,,,,,,2204,"Wine of fresh grapes, including fortified wines",7,Volume in litres,41878,,,,41878,,54132,,,2
H2,2002,2002,2002,4,0,2,Export,894,Zambia,ZMB,800,Uganda,UGA,,,,,,,,2204,"Wine of fresh grapes, including fortified wines",7,Volume in litres,80,,,,80,,881,,,2
H2,2002,2002,2002,4,0,1,Import,894,Zambia,ZMB,826,United Kingdom,GBR,,,,,,,,2204,"Wine of fresh grapes, including fortified wines",7,Volume in litres,8695,,,,8695,,9555,,,2
H2,2003,2003,2003,4,0,1,Import,894,Zambia,ZMB,0,World,WLD,,,,,,,,2204,"Wine of fresh grapes, including fortified wines",7,Volume in litres,108433,,,,108433,,233343,,,2
H2,2003,2003,2003,4,0,2,Export,894,Zambia,ZMB,0,World,WLD,,,,,,,,2204,"Wine of fresh grapes, including fortified wines",7,Volume in litres,21027,,,,21027,,19079,,,2
H2,2003,2003,2003,4,0,1,Import,894,Zambia,ZMB,156,China,CHN,,,,,,,,2204,"Wine of fresh grapes, including fortified wines",7,Volume in litres,364,,,,364,,321,,,2
H2,2003,2003,2003,4,0,2,Export,894,Zambia,ZMB,180,Dem. Rep. of the Congo,COD,,,,,,,,2204,"Wine of fresh grapes, including fortified wines",7,Volume in litres,801,,,,801,,538,,,2
H2,2003,2003,2003,4,0,1,Import,894,Zambia,ZMB,196,Cyprus,CYP,,,,,,,,2204,"Wine of fresh grapes, including fortified wines",7,Volume in litres,1200,,,,1200,,5693,,,2
H2,2003,2003,2003,4,0,1,Import,894,Zambia,ZMB,208,Denmark,DNK,,,,,,,,2204,"Wine of fresh grapes, including fortified wines",7,Volume in litres,91,,,,91,,1146,,,2
H2,2003,2003,2003,4,0,1,Import,894,Zambia,ZMB,381,Italy,ITA,,,,,,,,2204,"Wine of fresh grapes, including fortified wines",7,Volume in litres,504,,,,504,,1011,,,2
H2,2003,2003,2003,4,0,1,Import,894,Zambia,ZMB,710,South Africa,ZAF,,,,,,,,2204,"Wine of fresh grapes, including fortified wines",7,Volume in litres,102580,,,,102580,,217474,,,2
H2,2003,2003,2003,4,0,2,Export,894,Zambia,ZMB,710,South Africa,ZAF,,,,,,,,2204,"Wine of fresh grapes, including fortified wines",7,Volume in litres,1626,,,,1626,,3536,,,2
H2,2003,2003,2003,4,0,1,Import,894,Zambia,ZMB,716,Zimbabwe,ZWE,,,,,,,,2204,"Wine of fresh grapes, including fortified wines",7,Volume in litres,3303,,,,3303,,6771,,,2
H2,2003,2003,2003,4,0,2,Export,894,Zambia,ZMB,716,Zimbabwe,ZWE,,,,,,,,2204,"Wine of fresh grapes, including fortified wines",7,Volume in litres,18600,,,,18600,,15005,,,2
H2,2003,2003,2003,4,0,1,Import,894,Zambia,ZMB,826,United Kingdom,GBR,,,,,,,,2204,"Wine of fresh grapes, including fortified wines",7,Volume in litres,391,,,,391,,927,,,2
H2,2004,2004,2004,4,0,1,Import,894,Zambia,ZMB,0,World,WLD,,,,,,,,2204,"Wine of fresh grapes, including fortified wines",7,Volume in litres,196739,,,,196739,,343432,,,2
H2,2004,2004,2004,4,0,2,Export,894,Zambia,ZMB,0,World,WLD,,,,,,,,2204,"Wine of fresh grapes, including fortified wines",7,Volume in litres,1697,,,,1697,,10093,,,2
H2,2004,2004,2004,4,0,1,Import,894,Zambia,ZMB,36,Australia,AUS,,,,,,,,2204,"Wine of fresh grapes, including fortified wines",7,Volume in litres,41,,,,41,,140,,,2
H2,2004,2004,2004,4,0,1,Import,894,Zambia,ZMB,72,Botswana,BWA,,,,,,,,2204,"Wine of fresh grapes, including fortified wines",7,Volume in litres,193,,,,193,,544,,,2
H2,2004,2004,2004,4,0,1,Import,894,Zambia,ZMB,156,China,CHN,,,,,,,,2204,"Wine of fresh grapes, including fortified wines",7,Volume in litres,259,,,,259,,409,,,2
H2,2004,2004,2004,4,0,2,Export,894,Zambia,ZMB,180,Dem. Rep. of the Congo,COD,,,,,,,,2204,"Wine of fresh grapes, including fortified wines",7,Volume in litres,600,,,,600,,1482,,,2
H2,2004,2004,2004,4,0,1,Import,894,Zambia,ZMB,251,France,FRA,,,,,,,,2204,"Wine of fresh grapes, including fortified wines",7,Volume in litres,49,,,,49,,73,,,2
H2,2004,2004,2004,4,0,1,Import,894,Zambia,ZMB,276,Germany,DEU,,,,,,,,2204,"Wine of fresh grapes, including fortified wines",7,Volume in litres,175,,,,175,,599,,,2
H2,2004,2004,2004,4,0,1,Import,894,Zambia,ZMB,381,Italy,ITA,,,,,,,,2204,"Wine of fresh grapes, including fortified wines",7,Volume in litres,3965,,,,3965,,4525,,,2
H2,2004,2004,2004,4,0,1,Import,894,Zambia,ZMB,710,South Africa,ZAF,,,,,,,,2204,"Wine of fresh grapes, including fortified wines",7,Volume in litres,180228,,,,180228,,322919,,,2
H2,2004,2004,2004,4,0,2,Export,894,Zambia,ZMB,710,South Africa,ZAF,,,,,,,,2204,"Wine of fresh grapes, including fortified wines",7,Volume in litres,1097,,,,1097,,8611,,,2
H2,2004,2004,2004,4,0,1,Import,894,Zambia,ZMB,716,Zimbabwe,ZWE,,,,,,,,2204,"Wine of fresh grapes, including fortified wines",7,Volume in litres,8083,,,,8083,,8678,,,2
H2,2004,2004,2004,4,0,1,Import,894,Zambia,ZMB,757,Switzerland,CHE,,,,,,,,2204,"Wine of fresh grapes, including fortified wines",7,Volume in litres,2369,,,,2369,,3057,,,2
H2,2004,2004,2004,4,0,1,Import,894,Zambia,ZMB,826,United Kingdom,GBR,,,,,,,,2204,"Wine of fresh grapes, including fortified wines",7,Volume in litres,1377,,,,1377,,2488,,,2
H0,2000,2000,2000,4,0,1,Import,894,Zambia,ZMB,0,World,WLD,,,,,,,,2204,"Grape wines(including fortified), alcoholic grape mus",7,Volume in litres,476451,,,,476451,,328647,,,2
H0,2000,2000,2000,4,0,2,Export,894,Zambia,ZMB,0,World,WLD,,,,,,,,2204,"Grape wines(including fortified), alcoholic grape mus",7,Volume in litres,136402,,,,136402,,236646,,,2
H0,2000,2000,2000,4,0,1,Import,894,Zambia,ZMB,196,Cyprus,CYP,,,,,,,,2204,"Grape wines(including fortified), alcoholic grape mus",7,Volume in litres,4800,,,,4800,,3071,,,2
H0,2000,2000,2000,4,0,1,Import,894,Zambia,ZMB,251,France,FRA,,,,,,,,2204,"Grape wines(including fortified), alcoholic grape mus",7,Volume in litres,480,,,,480,,557,,,2
H0,2000,2000,2000,4,0,2,Export,894,Zambia,ZMB,251,France,FRA,,,,,,,,2204,"Grape wines(including fortified), alcoholic grape mus",7,Volume in litres,15000,,,,15000,,21938,,,2
H0,2000,2000,2000,4,0,1,Import,894,Zambia,ZMB,381,Italy,ITA,,,,,,,,2204,"Grape wines(including fortified), alcoholic grape mus",7,Volume in litres,768,,,,768,,909,,,2
H0,2000,2000,2000,4,0,1,Import,894,Zambia,ZMB,480,Mauritius,MUS,,,,,,,,2204,"Grape wines(including fortified), alcoholic grape mus",7,Volume in litres,374,,,,374,,599,,,2
H0,2000,2000,2000,4,0,1,Import,894,Zambia,ZMB,516,Namibia,NAM,,,,,,,,2204,"Grape wines(including fortified), alcoholic grape mus",7,Volume in litres,296,,,,296,,356,,,2
H0,2000,2000,2000,4,0,1,Import,894,Zambia,ZMB,710,South Africa,ZAF,,,,,,,,2204,"Grape wines(including fortified), alcoholic grape mus",7,Volume in litres,198103,,,,198103,,193548,,,2
H0,2000,2000,2000,4,0,2,Export,894,Zambia,ZMB,710,South Africa,ZAF,,,,,,,,2204,"Grape wines(including fortified), alcoholic grape mus",7,Volume in litres,210,,,,210,,326,,,2
H0,2000,2000,2000,4,0,1,Import,894,Zambia,ZMB,716,Zimbabwe,ZWE,,,,,,,,2204,"Grape wines(including fortified), alcoholic grape mus",7,Volume in litres,147954,,,,147954,,74282,,,2
H0,2000,2000,2000,4,0,2,Export,894,Zambia,ZMB,716,Zimbabwe,ZWE,,,,,,,,2204,"Grape wines(including fortified), alcoholic grape mus",7,Volume in litres,2820,,,,2820,,5325,,,2
H0,2000,2000,2000,4,0,1,Import,894,Zambia,ZMB,826,United Kingdom,GBR,,,,,,,,2204,"Grape wines(including fortified), alcoholic grape mus",7,Volume in litres,123676,,,,123676,,55325,,,2
H0,2000,2000,2000,4,0,2,Export,894,Zambia,ZMB,826,United Kingdom,GBR,,,,,,,,2204,"Grape wines(including fortified), alcoholic grape mus",7,Volume in litres,118372,,,,118372,,209057,,,2
H0,2001,2001,2001,4,0,1,Import,894,Zambia,ZMB,0,World,WLD,,,,,,,,2204,"Grape wines(including fortified), alcoholic grape mus",7,Volume in litres,360009,,,,360009,,331047,,,2
H0,2001,2001,2001,4,0,2,Export,894,Zambia,ZMB,0,World,WLD,,,,,,,,2204,"Grape wines(including fortified), alcoholic grape mus",7,Volume in litres,48193,,,,48193,,33698,,,2
H0,2001,2001,2001,4,0,1,Import,894,Zambia,ZMB,72,Botswana,BWA,,,,,,,,2204,"Grape wines(including fortified), alcoholic grape mus",7,Volume in litres,9892,,,,9892,,10567,,,2
H0,2001,2001,2001,4,0,2,Export,894,Zambia,ZMB,180,Dem. Rep. of the Congo,COD,,,,,,,,2204,"Grape wines(including fortified), alcoholic grape mus",7,Volume in litres,435,,,,435,,643,,,2
H0,2001,2001,2001,4,0,1,Import,894,Zambia,ZMB,196,Cyprus,CYP,,,,,,,,2204,"Grape wines(including fortified), alcoholic grape mus",7,Volume in litres,1567,,,,1567,,2375,,,2
H0,2001,2001,2001,4,0,1,Import,894,Zambia,ZMB,208,Denmark,DNK,,,,,,,,2204,"Grape wines(including fortified), alcoholic grape mus",7,Volume in litres,10,,,,10,,12,,,2
H0,2001,2001,2001,4,0,1,Import,894,Zambia,ZMB,381,Italy,ITA,,,,,,,,2204,"Grape wines(including fortified), alcoholic grape mus",7,Volume in litres,286,,,,286,,319,,,2
H0,2001,2001,2001,4,0,1,Import,894,Zambia,ZMB,516,Namibia,NAM,,,,,,,,2204,"Grape wines(including fortified), alcoholic grape mus",7,Volume in litres,991,,,,991,,1256,,,2
H0,2001,2001,2001,4,0,1,Import,894,Zambia,ZMB,710,South Africa,ZAF,,,,,,,,2204,"Grape wines(including fortified), alcoholic grape mus",7,Volume in litres,296196,,,,296196,,253584,,,2
H0,2001,2001,2001,4,0,2,Export,894,Zambia,ZMB,710,South Africa,ZAF,,,,,,,,2204,"Grape wines(including fortified), alcoholic grape mus",7,Volume in litres,45788,,,,45788,,30615,,,2
H0,2001,2001,2001,4,0,1,Import,894,Zambia,ZMB,716,Zimbabwe,ZWE,,,,,,,,2204,"Grape wines(including fortified), alcoholic grape mus",7,Volume in litres,45099,,,,45099,,53147,,,2
H0,2001,2001,2001,4,0,2,Export,894,Zambia,ZMB,716,Zimbabwe,ZWE,,,,,,,,2204,"Grape wines(including fortified), alcoholic grape mus",7,Volume in litres,645,,,,645,,1583,,,2
H0,2001,2001,2001,4,0,1,Import,894,Zambia,ZMB,826,United Kingdom,GBR,,,,,,,,2204,"Grape wines(including fortified), alcoholic grape mus",7,Volume in litres,5968,,,,5968,,9787,,,2
H0,2001,2001,2001,4,0,2,Export,894,Zambia,ZMB,826,United Kingdom,GBR,,,,,,,,2204,"Grape wines(including fortified), alcoholic grape mus",7,Volume in litres,1325,,,,1325,,857,,,2
H3,2008,2008,2008,4,0,1,Import,894,Zambia,ZMB,0,World,WLD,,,,,,,,2204,"Wine of fresh grapes, including fortified wines; grape must other than that of heading 20.09.",7,Volume in litres,946364,,,,946364,,808369,,,2
H3,2008,2008,2008,4,0,2,Export,894,Zambia,ZMB,0,World,WLD,,,,,,,,2204,"Wine of fresh grapes, including fortified wines; grape must other than that of heading 20.09.",7,Volume in litres,17295,,,,17295,,56954,,,2
H3,2008,2008,2008,4,0,1,Import,894,Zambia,ZMB,36,Australia,AUS,,,,,,,,2204,"Wine of fresh grapes, including fortified wines; grape must other than that of heading 20.09.",7,Volume in litres,691,,,,691,,2934,,,2
H3,2008,2008,2008,4,0,1,Import,894,Zambia,ZMB,72,Botswana,BWA,,,,,,,,2204,"Wine of fresh grapes, including fortified wines; grape must other than that of heading 20.09.",7,Volume in litres,3670,,,,3670,,3772,,,2
H3,2008,2008,2008,4,0,1,Import,894,Zambia,ZMB,156,China,CHN,,,,,,,,2204,"Wine of fresh grapes, including fortified wines; grape must other than that of heading 20.09.",7,Volume in litres,200,,,,200,,341,,,2
H3,2008,2008,2008,4,0,1,Import,894,Zambia,ZMB,208,Denmark,DNK,,,,,,,,2204,"Wine of fresh grapes, including fortified wines; grape must other than that of heading 20.09.",7,Volume in litres,20,,,,20,,181,,,2
H3,2008,2008,2008,4,0,1,Import,894,Zambia,ZMB,251,France,FRA,,,,,,,,2204,"Wine of fresh grapes, including fortified wines; grape must other than that of heading 20.09.",7,Volume in litres,74236,,,,74236,,34876,,,2
H3,2008,2008,2008,4,0,1,Import,894,Zambia,ZMB,381,Italy,ITA,,,,,,,,2204,"Wine of fresh grapes, including fortified wines; grape must other than that of heading 20.09.",7,Volume in litres,11786,,,,11786,,8422,,,2
H3,2008,2008,2008,4,0,1,Import,894,Zambia,ZMB,516,Namibia,NAM,,,,,,,,2204,"Wine of fresh grapes, including fortified wines; grape must other than that of heading 20.09.",7,Volume in litres,4036,,,,4036,,5573,,,2
H3,2008,2008,2008,4,0,1,Import,894,Zambia,ZMB,554,New Zealand,NZL,,,,,,,,2204,"Wine of fresh grapes, including fortified wines; grape must other than that of heading 20.09.",7,Volume in litres,25,,,,25,,95,,,2
H3,2008,2008,2008,4,0,1,Import,894,Zambia,ZMB,688,Serbia,SRB,,,,,,,,2204,"Wine of fresh grapes, including fortified wines; grape must other than that of heading 20.09.",7,Volume in litres,340,,,,340,,13768,,,2
H3,2008,2008,2008,4,0,1,Import,894,Zambia,ZMB,710,South Africa,ZAF,,,,,,,,2204,"Wine of fresh grapes, including fortified wines; grape must other than that of heading 20.09.",7,Volume in litres,807162,,,,807162,,702048,,,2
H3,2008,2008,2008,4,0,2,Export,894,Zambia,ZMB,710,South Africa,ZAF,,,,,,,,2204,"Wine of fresh grapes, including fortified wines; grape must other than that of heading 20.09.",7,Volume in litres,11797,,,,11797,,39373,,,2
H3,2008,2008,2008,4,0,1,Import,894,Zambia,ZMB,716,Zimbabwe,ZWE,,,,,,,,2204,"Wine of fresh grapes, including fortified wines; grape must other than that of heading 20.09.",7,Volume in litres,44177,,,,44177,,33633,,,2
H3,2008,2008,2008,4,0,1,Import,894,Zambia,ZMB,826,United Kingdom,GBR,,,,,,,,2204,"Wine of fresh grapes, including fortified wines; grape must other than that of heading 20.09.",7,Volume in litres,18,,,,18,,2721,,,2
H3,2008,2008,2008,4,0,2,Export,894,Zambia,ZMB,826,United Kingdom,GBR,,,,,,,,2204,"Wine of fresh grapes, including fortified wines; grape must other than that of heading 20.09.",7,Volume in litres,5498,,,,5498,,17581,,,2
H3,2009,2009,2009,4,0,1,Import,894,Zambia,ZMB,0,World,WLD,,,,,,,,2204,"Wine of fresh grapes, including fortified wines; grape must other than that of heading 20.09.",7,Volume in litres,687118,,,,687118,,564433,,,2
H3,2009,2009,2009,4,0,2,Export,894,Zambia,ZMB,0,World,WLD,,,,,,,,2204,"Wine of fresh grapes, including fortified wines; grape must other than that of heading 20.09.",7,Volume in litres,2634,,,,2634,,29050,,,2
H3,2009,2009,2009,4,0,2,Export,894,Zambia,ZMB,24,Angola,AGO,,,,,,,,2204,"Wine of fresh grapes, including fortified wines; grape must other than that of heading 20.09.",7,Volume in litres,2024,,,,2024,,18081,,,2
H3,2009,2009,2009,4,0,1,Import,894,Zambia,ZMB,36,Australia,AUS,,,,,,,,2204,"Wine of fresh grapes, including fortified wines; grape must other than that of heading 20.09.",7,Volume in litres,414,,,,414,,3961,,,2
H3,2009,2009,2009,4,0,1,Import,894,Zambia,ZMB,72,Botswana,BWA,,,,,,,,2204,"Wine of fresh grapes, including fortified wines; grape must other than that of heading 20.09.",7,Volume in litres,248,,,,248,,728,,,2
H3,2009,2009,2009,4,0,1,Import,894,Zambia,ZMB,152,Chile,CHL,,,,,,,,2204,"Wine of fresh grapes, including fortified wines; grape must other than that of heading 20.09.",7,Volume in litres,29,,,,29,,11,,,2
H3,2009,2009,2009,4,0,1,Import,894,Zambia,ZMB,156,China,CHN,,,,,,,,2204,"Wine of fresh grapes, including fortified wines; grape must other than that of heading 20.09.",7,Volume in litres,437,,,,437,,1139,,,2
H3,2009,2009,2009,4,0,1,Import,894,Zambia,ZMB,180,Dem. Rep. of the Congo,COD,,,,,,,,2204,"Wine of fresh grapes, including fortified wines; grape must other than that of heading 20.09.",7,Volume in litres,1469,,,,1469,,1677,,,2
H3,2009,2009,2009,4,0,2,Export,894,Zambia,ZMB,180,Dem. Rep. of the Congo,COD,,,,,,,,2204,"Wine of fresh grapes, including fortified wines; grape must other than that of heading 20.09.",7,Volume in litres,138,,,,138,,989,,,2
H3,2009,2009,2009,4,0,1,Import,894,Zambia,ZMB,208,Denmark,DNK,,,,,,,,2204,"Wine of fresh grapes, including fortified wines; grape must other than that of heading 20.09.",7,Volume in litres,4,,,,4,,161,,,2
H3,2009,2009,2009,4,0,1,Import,894,Zambia,ZMB,516,Namibia,NAM,,,,,,,,2204,"Wine of fresh grapes, including fortified wines; grape must other than that of heading 20.09.",7,Volume in litres,18141,,,,18141,,33254,,,2
H3,2009,2009,2009,4,0,2,Export,894,Zambia,ZMB,699,India,IND,,,,,,,,2204,"Wine of fresh grapes, including fortified wines; grape must other than that of heading 20.09.",7,Volume in litres,174,,,,174,,6363,,,2
H3,2009,2009,2009,4,0,1,Import,894,Zambia,ZMB,710,South Africa,ZAF,,,,,,,,2204,"Wine of fresh grapes, including fortified wines; grape must other than that of heading 20.09.",7,Volume in litres,627611,,,,627611,,487252,,,2
H3,2009,2009,2009,4,0,2,Export,894,Zambia,ZMB,710,South Africa,ZAF,,,,,,,,2204,"Wine of fresh grapes, including fortified wines; grape must other than that of heading 20.09.",7,Volume in litres,298,,,,298,,3617,,,2
H3,2009,2009,2009,4,0,1,Import,894,Zambia,ZMB,716,Zimbabwe,ZWE,,,,,,,,2204,"Wine of fresh grapes, including fortified wines; grape must other than that of heading 20.09.",7,Volume in litres,26835,,,,26835,,17518,,,2
H3,2009,2009,2009,4,0,1,Import,894,Zambia,ZMB,784,United Arab Emirates,ARE,,,,,,,,2204,"Wine of fresh grapes, including fortified wines; grape must other than that of heading 20.09.",7,Volume in litres,11732,,,,11732,,17904,,,2
H3,2009,2009,2009,4,0,1,Import,894,Zambia,ZMB,826,United Kingdom,GBR,,,,,,,,2204,"Wine of fresh grapes, including fortified wines; grape must other than that of heading 20.09.",7,Volume in litres,192,,,,192,,821,,,2
H2,2005,2005,2005,4,0,1,Import,894,Zambia,ZMB,0,World,WLD,,,,,,,,2204,"Wine of fresh grapes, including fortified wines",7,Volume in litres,326941,,,,326941,,552602,,,2
H2,2005,2005,2005,4,0,2,Export,894,Zambia,ZMB,0,World,WLD,,,,,,,,2204,"Wine of fresh grapes, including fortified wines",7,Volume in litres,649,,,,649,,4835,,,2
H2,2005,2005,2005,4,0,1,Import,894,Zambia,ZMB,36,Australia,AUS,,,,,,,,2204,"Wine of fresh grapes, including fortified wines",7,Volume in litres,48,,,,48,,540,,,2
H2,2005,2005,2005,4,0,1,Import,894,Zambia,ZMB,156,China,CHN,,,,,,,,2204,"Wine of fresh grapes, including fortified wines",7,Volume in litres,118,,,,118,,359,,,2
H2,2005,2005,2005,4,0,1,Import,894,Zambia,ZMB,208,Denmark,DNK,,,,,,,,2204,"Wine of fresh grapes, including fortified wines",7,Volume in litres,106,,,,106,,504,,,2
H2,2005,2005,2005,4,0,1,Import,894,Zambia,ZMB,276,Germany,DEU,,,,,,,,2204,"Wine of fresh grapes, including fortified wines",7,Volume in litres,24,,,,24,,993,,,2
H2,2005,2005,2005,4,0,1,Import,894,Zambia,ZMB,376,Israel,ISR,,,,,,,,2204,"Wine of fresh grapes, including fortified wines",7,Volume in litres,396,,,,396,,978,,,2
H2,2005,2005,2005,4,0,1,Import,894,Zambia,ZMB,381,Italy,ITA,,,,,,,,2204,"Wine of fresh grapes, including fortified wines",7,Volume in litres,6929,,,,6929,,9566,,,2
H2,2005,2005,2005,4,0,1,Import,894,Zambia,ZMB,404,Kenya,KEN,,,,,,,,2204,"Wine of fresh grapes, including fortified wines",7,Volume in litres,356,,,,356,,481,,,2
H2,2005,2005,2005,4,0,1,Import,894,Zambia,ZMB,710,South Africa,ZAF,,,,,,,,2204,"Wine of fresh grapes, including fortified wines",7,Volume in litres,299538,,,,299538,,493157,,,2
H2,2005,2005,2005,4,0,2,Export,894,Zambia,ZMB,710,South Africa,ZAF,,,,,,,,2204,"Wine of fresh grapes, including fortified wines",7,Volume in litres,649,,,,649,,4835,,,2
H2,2005,2005,2005,4,0,1,Import,894,Zambia,ZMB,716,Zimbabwe,ZWE,,,,,,,,2204,"Wine of fresh grapes, including fortified wines",7,Volume in litres,19301,,,,19301,,45746,,,2
H2,2005,2005,2005,4,0,1,Import,894,Zambia,ZMB,826,United Kingdom,GBR,,,,,,,,2204,"Wine of fresh grapes, including fortified wines",7,Volume in litres,119,,,,119,,275,,,2
H2,2006,2006,2006,4,0,1,Import,894,Zambia,ZMB,0,World,WLD,,,,,,,,2204,"Wine of fresh grapes, including fortified wines",7,Volume in litres,772669,,,,772670,,694994,,,6
H2,2006,2006,2006,4,0,1,Import,894,Zambia,ZMB,156,China,CHN,,,,,,,,2204,"Wine of fresh grapes, including fortified wines",7,Volume in litres,120,,,,120,,138,,,6
H2,2006,2006,2006,4,0,1,Import,894,Zambia,ZMB,208,Denmark,DNK,,,,,,,,2204,"Wine of fresh grapes, including fortified wines",7,Volume in litres,154,,,,154,,4030,,,2
H2,2006,2006,2006,4,0,1,Import,894,Zambia,ZMB,251,France,FRA,,,,,,,,2204,"Wine of fresh grapes, including fortified wines",7,Volume in litres,46804,,,,46804,,25927,,,2
H2,2006,2006,2006,4,0,1,Import,894,Zambia,ZMB,381,Italy,ITA,,,,,,,,2204,"Wine of fresh grapes, including fortified wines",7,Volume in litres,1401,,,,1401,,486,,,2
H2,2006,2006,2006,4,0,1,Import,894,Zambia,ZMB,516,Namibia,NAM,,,,,,,,2204,"Wine of fresh grapes, including fortified wines",7,Volume in litres,395,,,,395,,298,,,2
H2,2006,2006,2006,4,0,1,Import,894,Zambia,ZMB,710,South Africa,ZAF,,,,,,,,2204,"Wine of fresh grapes, including fortified wines",7,Volume in litres,665096,,,,665096,,584978,,,2
H2,2006,2006,2006,4,0,1,Import,894,Zambia,ZMB,716,Zimbabwe,ZWE,,,,,,,,2204,"Wine of fresh grapes, including fortified wines",7,Volume in litres,52865,,,,52865,,34100,,,2
H2,2006,2006,2006,4,0,1,Import,894,Zambia,ZMB,826,United Kingdom,GBR,,,,,,,,2204,"Wine of fresh grapes, including fortified wines",7,Volume in litres,5832,,,,5832,,45034,,,2
H2,2007,2007,2007,4,0,1,Import,894,Zambia,ZMB,0,World,WLD,,,,,,,,2204,"Wine of fresh grapes, including fortified wines",7,Volume in litres,730896,,,,730896,,723162,,,2
H2,2007,2007,2007,4,0,2,Export,894,Zambia,ZMB,0,World,WLD,,,,,,,,2204,"Wine of fresh grapes, including fortified wines",7,Volume in litres,60002,,,,60002,,80700,,,2
H2,2007,2007,2007,4,0,1,Import,894,Zambia,ZMB,36,Australia,AUS,,,,,,,,2204,"Wine of fresh grapes, including fortified wines",7,Volume in litres,161,,,,161,,1529,,,2
H2,2007,2007,2007,4,0,1,Import,894,Zambia,ZMB,156,China,CHN,,,,,,,,2204,"Wine of fresh grapes, including fortified wines",7,Volume in litres,2152,,,,2152,,3953,,,2
H2,2007,2007,2007,4,0,2,Export,894,Zambia,ZMB,180,Dem. Rep. of the Congo,COD,,,,,,,,2204,"Wine of fresh grapes, including fortified wines",7,Volume in litres,60002,,,,60002,,80700,,,2
H2,2007,2007,2007,4,0,1,Import,894,Zambia,ZMB,208,Denmark,DNK,,,,,,,,2204,"Wine of fresh grapes, including fortified wines",7,Volume in litres,36,,,,36,,550,,,2
H2,2007,2007,2007,4,0,1,Import,894,Zambia,ZMB,251,France,FRA,,,,,,,,2204,"Wine of fresh grapes, including fortified wines",7,Volume in litres,93822,,,,93822,,55821,,,2
H2,2007,2007,2007,4,0,1,Import,894,Zambia,ZMB,381,Italy,ITA,,,,,,,,2204,"Wine of fresh grapes, including fortified wines",7,Volume in litres,1328,,,,1328,,2763,,,2
H2,2007,2007,2007,4,0,1,Import,894,Zambia,ZMB,710,South Africa,ZAF,,,,,,,,2204,"Wine of fresh grapes, including fortified wines",7,Volume in litres,604445,,,,604445,,642027,,,2
H2,2007,2007,2007,4,0,1,Import,894,Zambia,ZMB,716,Zimbabwe,ZWE,,,,,,,,2204,"Wine of fresh grapes, including fortified wines",7,Volume in litres,28924,,,,28924,,16280,,,2
H2,2007,2007,2007,4,0,1,Import,894,Zambia,ZMB,826,United Kingdom,GBR,,,,,,,,2204,"Wine of fresh grapes, including fortified wines",7,Volume in litres,24,,,,24,,236,,,2
H4,2012,2012,2012,4,0,1,Import,894,Zambia,ZMB,0,World,WLD,,,,,,,,2204,"Wine of fresh grapes, including fortified wines; grape must other than that of heading no. 2009",7,Volume in litres,1310270,,,,1310315,,1561218,,,6
H4,2012,2012,2012,4,0,2,Export,894,Zambia,ZMB,0,World,WLD,,,,,,,,2204,"Wine of fresh grapes, including fortified wines; grape must other than that of heading no. 2009",7,Volume in litres,6262,,,,6262,,27918,,,2
H4,2012,2012,2012,4,0,1,Import,894,Zambia,ZMB,72,Botswana,BWA,,,,,,,,2204,"Wine of fresh grapes, including fortified wines; grape must other than that of heading no. 2009",7,Volume in litres,270,,,,270,,1018,,,2
H4,2012,2012,2012,4,0,1,Import,894,Zambia,ZMB,156,China,CHN,,,,,,,,2204,"Wine of fresh grapes, including fortified wines; grape must other than that of heading no. 2009",7,Volume in litres,2559,,,,2559,,17025,,,2
H4,2012,2012,2012,4,0,2,Export,894,Zambia,ZMB,180,Dem. Rep. of the Congo,COD,,,,,,,,2204,"Wine of fresh grapes, including fortified wines; grape must other than that of heading no. 2009",7,Volume in litres,28,,,,28,,655,,,2
H4,2012,2012,2012,4,0,1,Import,894,Zambia,ZMB,251,France,FRA,,,,,,,,2204,"Wine of fresh grapes, including fortified wines; grape must other than that of heading no. 2009",7,Volume in litres,56325,,,,56325,,23990,,,2
H4,2012,2012,2012,4,0,1,Import,894,Zambia,ZMB,276,Germany,DEU,,,,,,,,2204,"Wine of fresh grapes, including fortified wines; grape must other than that of heading no. 2009",7,Volume in litres,550,,,,550,,7696,,,2
H4,2012,2012,2012,4,0,1,Import,894,Zambia,ZMB,381,Italy,ITA,,,,,,,,2204,"Wine of fresh grapes, including fortified wines; grape must other than that of heading no. 2009",7,Volume in litres,1340,,,,1340,,732,,,2
H4,2012,2012,2012,4,0,1,Import,894,Zambia,ZMB,516,Namibia,NAM,,,,,,,,2204,"Wine of fresh grapes, including fortified wines; grape must other than that of heading no. 2009",7,Volume in litres,32991,,,,32991,,46264,,,2
H4,2012,2012,2012,4,0,1,Import,894,Zambia,ZMB,528,Netherlands,NLD,,,,,,,,2204,"Wine of fresh grapes, including fortified wines; grape must other than that of heading no. 2009",7,Volume in litres,400,,,,400,,4576,,,2
H4,2012,2012,2012,4,0,1,Import,894,Zambia,ZMB,710,South Africa,ZAF,,,,,,,,2204,"Wine of fresh grapes, including fortified wines; grape must other than that of heading no. 2009",7,Volume in litres,1182589,,,,1182633,,1298571,,,6
H4,2012,2012,2012,4,0,2,Export,894,Zambia,ZMB,710,South Africa,ZAF,,,,,,,,2204,"Wine of fresh grapes, including fortified wines; grape must other than that of heading no. 2009",7,Volume in litres,3948,,,,3948,,19201,,,2
H4,2012,2012,2012,4,0,1,Import,894,Zambia,ZMB,724,Spain,ESP,,,,,,,,2204,"Wine of fresh grapes, including fortified wines; grape must other than that of heading no. 2009",7,Volume in litres,86,,,,86,,3103,,,2
H4,2012,2012,2012,4,0,1,Import,894,Zambia,ZMB,784,United Arab Emirates,ARE,,,,,,,,2204,"Wine of fresh grapes, including fortified wines; grape must other than that of heading no. 2009",7,Volume in litres,5044,,,,5044,,73968,,,2
H4,2012,2012,2012,4,0,2,Export,894,Zambia,ZMB,784,United Arab Emirates,ARE,,,,,,,,2204,"Wine of fresh grapes, including fortified wines; grape must other than that of heading no. 2009",7,Volume in litres,2286,,,,2286,,8062,,,2
H4,2012,2012,2012,4,0,1,Import,894,Zambia,ZMB,826,United Kingdom,GBR,,,,,,,,2204,"Wine of fresh grapes, including fortified wines; grape must other than that of heading no. 2009",7,Volume in litres,28111,,,,28111,,84270,,,2
H4,2013,2013,2013,4,0,1,Import,894,Zambia,ZMB,0,World,WLD,,,,,,,,2204,"Wine of fresh grapes, including fortified wines; grape must other than that of heading no. 2009",7,Volume in litres,1450752,,,,1450752,,1902161,,,2
H4,2013,2013,2013,4,0,2,Export,894,Zambia,ZMB,0,World,WLD,,,,,,,,2204,"Wine of fresh grapes, including fortified wines; grape must other than that of heading no. 2009",7,Volume in litres,16600,,,,16600,,21741729,,,2
H4,2013,2013,2013,4,0,1,Import,894,Zambia,ZMB,36,Australia,AUS,,,,,,,,2204,"Wine of fresh grapes, including fortified wines; grape must other than that of heading no. 2009",7,Volume in litres,1,,,,1,,32,,,2
H4,2013,2013,2013,4,0,1,Import,894,Zambia,ZMB,156,China,CHN,,,,,,,,2204,"Wine of fresh grapes, including fortified wines; grape must other than that of heading no. 2009",7,Volume in litres,1085,,,,1085,,18023,,,2
H4,2013,2013,2013,4,0,2,Export,894,Zambia,ZMB,156,China,CHN,,,,,,,,2204,"Wine of fresh grapes, including fortified wines; grape must other than that of heading no. 2009",7,Volume in litres,14,,,,14,,49,,,2
H4,2013,2013,2013,4,0,2,Export,894,Zambia,ZMB,180,Dem. Rep. of the Congo,COD,,,,,,,,2204,"Wine of fresh grapes, including fortified wines; grape must other than that of heading no. 2009",7,Volume in litres,8984,,,,8984,,32227,,,2
H4,2013,2013,2013,4,0,1,Import,894,Zambia,ZMB,251,France,FRA,,,,,,,,2204,"Wine of fresh grapes, including fortified wines; grape must other than that of heading no. 2009",7,Volume in litres,87064,,,,87064,,27308,,,2
H4,2013,2013,2013,4,0,1,Import,894,Zambia,ZMB,276,Germany,DEU,,,,,,,,2204,"Wine of fresh grapes, including fortified wines; grape must other than that of heading no. 2009",7,Volume in litres,379,,,,379,,5603,,,2
H4,2013,2013,2013,4,0,1,Import,894,Zambia,ZMB,381,Italy,ITA,,,,,,,,2204,"Wine of fresh grapes, including fortified wines; grape must other than that of heading no. 2009",7,Volume in litres,2311,,,,2311,,3301,,,2
H4,2013,2013,2013,4,0,1,Import,894,Zambia,ZMB,422,Lebanon,LBN,,,,,,,,2204,"Wine of fresh grapes, including fortified wines; grape must other than that of heading no. 2009",7,Volume in litres,30,,,,30,,105,,,2
H4,2013,2013,2013,4,0,1,Import,894,Zambia,ZMB,508,Mozambique,MOZ,,,,,,,,2204,"Wine of fresh grapes, including fortified wines; grape must other than that of heading no. 2009",7,Volume in litres,120,,,,120,,560,,,2
H4,2013,2013,2013,4,0,1,Import,894,Zambia,ZMB,516,Namibia,NAM,,,,,,,,2204,"Wine of fresh grapes, including fortified wines; grape must other than that of heading no. 2009",7,Volume in litres,135383,,,,135383,,125106,,,2
H4,2013,2013,2013,4,0,1,Import,894,Zambia,ZMB,604,Peru,PER,,,,,,,,2204,"Wine of fresh grapes, including fortified wines; grape must other than that of heading no. 2009",7,Volume in litres,57,,,,57,,2164,,,2
H4,2013,2013,2013,4,0,1,Import,894,Zambia,ZMB,710,South Africa,ZAF,,,,,,,,2204,"Wine of fresh grapes, including fortified wines; grape must other than that of heading no. 2009",7,Volume in litres,1133966,,,,1133966,,1435512,,,2
H4,2013,2013,2013,4,0,2,Export,894,Zambia,ZMB,710,South Africa,ZAF,,,,,,,,2204,"Wine of fresh grapes, including fortified wines; grape must other than that of heading no. 2009",7,Volume in litres,1799,,,,1799,,4984121,,,2
H4,2013,2013,2013,4,0,1,Import,894,Zambia,ZMB,716,Zimbabwe,ZWE,,,,,,,,2204,"Wine of fresh grapes, including fortified wines; grape must other than that of heading no. 2009",7,Volume in litres,24147,,,,24147,,34609,,,2
H4,2013,2013,2013,4,0,1,Import,894,Zambia,ZMB,784,United Arab Emirates,ARE,,,,,,,,2204,"Wine of fresh grapes, including fortified wines; grape must other than that of heading no. 2009",7,Volume in litres,12620,,,,12620,,73894,,,2
H4,2013,2013,2013,4,0,2,Export,894,Zambia,ZMB,784,United Arab Emirates,ARE,,,,,,,,2204,"Wine of fresh grapes, including fortified wines; grape must other than that of heading no. 2009",7,Volume in litres,5803,,,,5803,,16725332,,,2
H4,2013,2013,2013,4,0,1,Import,894,Zambia,ZMB,826,United Kingdom,GBR,,,,,,,,2204,"Wine of fresh grapes, including fortified wines; grape must other than that of heading no. 2009",7,Volume in litres,53587,,,,53587,,175940,,,2
H4,2013,2013,2013,4,0,1,Import,894,Zambia,ZMB,842,USA,USA,,,,,,,,2204,"Wine of fresh grapes, including fortified wines; grape must other than that of heading no. 2009",7,Volume in litres,1,,,,1,,0,,,2
H4,2014,2014,2014,4,0,1,Import,894,Zambia,ZMB,0,World,WLD,,,,,,,,2204,"Wine of fresh grapes, including fortified wines; grape must other than that of heading no. 2009",7,Volume in litres,4721088,,,,4727114,,3543933,,,6
H4,2014,2014,2014,4,0,2,Export,894,Zambia,ZMB,0,World,WLD,,,,,,,,2204,"Wine of fresh grapes, including fortified wines; grape must other than that of heading no. 2009",7,Volume in litres,49322,,,,49322,,135076,,,2
H4,2014,2014,2014,4,0,1,Import,894,Zambia,ZMB,56,Belgium,BEL,,,,,,,,2204,"Wine of fresh grapes, including fortified wines; grape must other than that of heading no. 2009",7,Volume in litres,45,,,,45,,115,,,2
H4,2014,2014,2014,4,0,1,Import,894,Zambia,ZMB,152,Chile,CHL,,,,,,,,2204,"Wine of fresh grapes, including fortified wines; grape must other than that of heading no. 2009",7,Volume in litres,1890,,,,1890,,6422,,,2
H4,2014,2014,2014,4,0,1,Import,894,Zambia,ZMB,156,China,CHN,,,,,,,,2204,"Wine of fresh grapes, including fortified wines; grape must other than that of heading no. 2009",7,Volume in litres,3200,,,,3200,,10984,,,2
H4,2014,2014,2014,4,0,2,Export,894,Zambia,ZMB,180,Dem. Rep. of the Congo,COD,,,,,,,,2204,"Wine of fresh grapes, including fortified wines; grape must other than that of heading no. 2009",7,Volume in litres,34522,,,,34522,,77666,,,2
H4,2014,2014,2014,4,0,1,Import,894,Zambia,ZMB,208,Denmark,DNK,,,,,,,,2204,"Wine of fresh grapes, including fortified wines; grape must other than that of heading no. 2009",7,Volume in litres,157,,,,157,,1042,,,2
H4,2014,2014,2014,4,0,1,Import,894,Zambia,ZMB,251,France,FRA,,,,,,,,2204,"Wine of fresh grapes, including fortified wines; grape must other than that of heading no. 2009",7,Volume in litres,54728,,,,54728,,82419,,,2
H4,2014,2014,2014,4,0,1,Import,894,Zambia,ZMB,276,Germany,DEU,,,,,,,,2204,"Wine of fresh grapes, including fortified wines; grape must other than that of heading no. 2009",7,Volume in litres,392,,,,392,,4717,,,2
H4,2014,2014,2014,4,0,1,Import,894,Zambia,ZMB,300,Greece,GRC,,,,,,,,2204,"Wine of fresh grapes, including fortified wines; grape must other than that of heading no. 2009",7,Volume in litres,10073,,,,10073,,11698,,,2
H4,2014,2014,2014,4,0,1,Import,894,Zambia,ZMB,381,Italy,ITA,,,,,,,,2204,"Wine of fresh grapes, including fortified wines; grape must other than that of heading no. 2009",7,Volume in litres,1987,,,,1987,,3636,,,2
H4,2014,2014,2014,4,0,1,Import,894,Zambia,ZMB,422,Lebanon,LBN,,,,,,,,2204,"Wine of fresh grapes, including fortified wines; grape must other than that of heading no. 2009",7,Volume in litres,483,,,,483,,92,,,2
H4,2014,2014,2014,4,0,1,Import,894,Zambia,ZMB,516,Namibia,NAM,,,,,,,,2204,"Wine of fresh grapes, including fortified wines; grape must other than that of heading no. 2009",7,Volume in litres,135448,,,,142792,,117414,,,6
H4,2014,2014,2014,4,0,1,Import,894,Zambia,ZMB,710,South Africa,ZAF,,,,,,,,2204,"Wine of fresh grapes, including fortified wines; grape must other than that of heading no. 2009",7,Volume in litres,4429151,,,,4427834,,3104661,,,6
H4,2014,2014,2014,4,0,2,Export,894,Zambia,ZMB,710,South Africa,ZAF,,,,,,,,2204,"Wine of fresh grapes, including fortified wines; grape must other than that of heading no. 2009",7,Volume in litres,3598,,,,3598,,16621,,,2
H4,2014,2014,2014,4,0,1,Import,894,Zambia,ZMB,716,Zimbabwe,ZWE,,,,,,,,2204,"Wine of fresh grapes, including fortified wines; grape must other than that of heading no. 2009",7,Volume in litres,28285,,,,28285,,38028,,,2
H4,2014,2014,2014,4,0,1,Import,894,Zambia,ZMB,784,United Arab Emirates,ARE,,,,,,,,2204,"Wine of fresh grapes, including fortified wines; grape must other than that of heading no. 2009",7,Volume in litres,8923,,,,8923,,27075,,,2
H4,2014,2014,2014,4,0,2,Export,894,Zambia,ZMB,784,United Arab Emirates,ARE,,,,,,,,2204,"Wine of fresh grapes, including fortified wines; grape must other than that of heading no. 2009",7,Volume in litres,11202,,,,11202,,40789,,,2
H4,2014,2014,2014,4,0,1,Import,894,Zambia,ZMB,826,United Kingdom,GBR,,,,,,,,2204,"Wine of fresh grapes, including fortified wines; grape must other than that of heading no. 2009",7,Volume in litres,46324,,,,46324,,135626,,,2
H3,2010,2010,2010,4,0,1,Import,894,Zambia,ZMB,0,World,WLD,,,,,,,,2204,"Wine of fresh grapes, including fortified wines; grape must other than that of heading 20.09.",7,Volume in litres,564723,,,,564723,,612199,,,2
H3,2010,2010,2010,4,0,2,Export,894,Zambia,ZMB,0,World,WLD,,,,,,,,2204,"Wine of fresh grapes, including fortified wines; grape must other than that of heading 20.09.",7,Volume in litres,13652,,,,13652,,44067,,,2
H3,2010,2010,2010,4,0,1,Import,894,Zambia,ZMB,36,Australia,AUS,,,,,,,,2204,"Wine of fresh grapes, including fortified wines; grape must other than that of heading 20.09.",7,Volume in litres,412,,,,412,,2357,,,2
H3,2010,2010,2010,4,0,1,Import,894,Zambia,ZMB,72,Botswana,BWA,,,,,,,,2204,"Wine of fresh grapes, including fortified wines; grape must other than that of heading 20.09.",7,Volume in litres,547,,,,547,,1199,,,2
H3,2010,2010,2010,4,0,1,Import,894,Zambia,ZMB,156,China,CHN,,,,,,,,2204,"Wine of fresh grapes, including fortified wines; grape must other than that of heading 20.09.",7,Volume in litres,64,,,,64,,7997,,,2
H3,2010,2010,2010,4,0,1,Import,894,Zambia,ZMB,276,Germany,DEU,,,,,,,,2204,"Wine of fresh grapes, including fortified wines; grape must other than that of heading 20.09.",7,Volume in litres,325,,,,325,,1854,,,2
H3,2010,2010,2010,4,0,1,Import,894,Zambia,ZMB,376,Israel,ISR,,,,,,,,2204,"Wine of fresh grapes, including fortified wines; grape must other than that of heading 20.09.",7,Volume in litres,8,,,,8,,30,,,2
H3,2010,2010,2010,4,0,1,Import,894,Zambia,ZMB,381,Italy,ITA,,,,,,,,2204,"Wine of fresh grapes, including fortified wines; grape must other than that of heading 20.09.",7,Volume in litres,7151,,,,7151,,5703,,,2
H3,2010,2010,2010,4,0,1,Import,894,Zambia,ZMB,516,Namibia,NAM,,,,,,,,2204,"Wine of fresh grapes, including fortified wines; grape must other than that of heading 20.09.",7,Volume in litres,24892,,,,24892,,52060,,,2
H3,2010,2010,2010,4,0,1,Import,894,Zambia,ZMB,620,Portugal,PRT,,,,,,,,2204,"Wine of fresh grapes, including fortified wines; grape must other than that of heading 20.09.",7,Volume in litres,3601,,,,3601,,1827,,,2
H3,2010,2010,2010,4,0,2,Export,894,Zambia,ZMB,699,India,IND,,,,,,,,2204,"Wine of fresh grapes, including fortified wines; grape must other than that of heading 20.09.",7,Volume in litres,133,,,,133,,3927,,,2
H3,2010,2010,2010,4,0,1,Import,894,Zambia,ZMB,710,South Africa,ZAF,,,,,,,,2204,"Wine of fresh grapes, including fortified wines; grape must other than that of heading 20.09.",7,Volume in litres,485681,,,,485681,,477122,,,2
H3,2010,2010,2010,4,0,2,Export,894,Zambia,ZMB,710,South Africa,ZAF,,,,,,,,2204,"Wine of fresh grapes, including fortified wines; grape must other than that of heading 20.09.",7,Volume in litres,13519,,,,13519,,40140,,,2
H3,2010,2010,2010,4,0,1,Import,894,Zambia,ZMB,716,Zimbabwe,ZWE,,,,,,,,2204,"Wine of fresh grapes, including fortified wines; grape must other than that of heading 20.09.",7,Volume in litres,22211,,,,22211,,14296,,,2
H3,2010,2010,2010,4,0,1,Import,894,Zambia,ZMB,784,United Arab Emirates,ARE,,,,,,,,2204,"Wine of fresh grapes, including fortified wines; grape must other than that of heading 20.09.",7,Volume in litres,852,,,,852,,3265,,,2
H3,2010,2010,2010,4,0,1,Import,894,Zambia,ZMB,826,United Kingdom,GBR,,,,,,,,2204,"Wine of fresh grapes, including fortified wines; grape must other than that of heading 20.09.",7,Volume in litres,18165,,,,18165,,31053,,,2
H3,2010,2010,2010,4,0,1,Import,894,Zambia,ZMB,842,USA,USA,,,,,,,,2204,"Wine of fresh grapes, including fortified wines; grape must other than that of heading 20.09.",7,Volume in litres,810,,,,810,,13430,,,2
H3,2011,2011,2011,4,0,1,Import,894,Zambia,ZMB,0,World,WLD,,,,,,,,2204,"Wine of fresh grapes, including fortified wines; grape must other than that of heading 20.09.",7,Volume in litres,626365,,,,626365,,829261,,,2
H3,2011,2011,2011,4,0,2,Export,894,Zambia,ZMB,0,World,WLD,,,,,,,,2204,"Wine of fresh grapes, including fortified wines; grape must other than that of heading 20.09.",7,Volume in litres,7450,,,,7450,,21634,,,2
H3,2011,2011,2011,4,0,1,Import,894,Zambia,ZMB,56,Belgium,BEL,,,,,,,,2204,"Wine of fresh grapes, including fortified wines; grape must other than that of heading 20.09.",7,Volume in litres,7,,,,7,,138,,,2
H3,2011,2011,2011,4,0,1,Import,894,Zambia,ZMB,156,China,CHN,,,,,,,,2204,"Wine of fresh grapes, including fortified wines; grape must other than that of heading 20.09.",7,Volume in litres,1334,,,,1334,,17255,,,2
H3,2011,2011,2011,4,0,1,Import,894,Zambia,ZMB,180,Dem. Rep. of the Congo,COD,,,,,,,,2204,"Wine of fresh grapes, including fortified wines; grape must other than that of heading 20.09.",7,Volume in litres,222,,,,222,,2011,,,2
H3,2011,2011,2011,4,0,1,Import,894,Zambia,ZMB,196,Cyprus,CYP,,,,,,,,2204,"Wine of fresh grapes, including fortified wines; grape must other than that of heading 20.09.",7,Volume in litres,22818,,,,22818,,1651,,,2
H3,2011,2011,2011,4,0,1,Import,894,Zambia,ZMB,381,Italy,ITA,,,,,,,,2204,"Wine of fresh grapes, including fortified wines; grape must other than that of heading 20.09.",7,Volume in litres,6019,,,,6019,,6954,,,2
H3,2011,2011,2011,4,0,1,Import,894,Zambia,ZMB,516,Namibia,NAM,,,,,,,,2204,"Wine of fresh grapes, including fortified wines; grape must other than that of heading 20.09.",7,Volume in litres,17108,,,,17108,,14373,,,2
H3,2011,2011,2011,4,0,1,Import,894,Zambia,ZMB,710,South Africa,ZAF,,,,,,,,2204,"Wine of fresh grapes, including fortified wines; grape must other than that of heading 20.09.",7,Volume in litres,477602,,,,477602,,629431,,,2
H3,2011,2011,2011,4,0,2,Export,894,Zambia,ZMB,710,South Africa,ZAF,,,,,,,,2204,"Wine of fresh grapes, including fortified wines; grape must other than that of heading 20.09.",7,Volume in litres,5689,,,,5689,,16364,,,2
H3,2011,2011,2011,4,0,1,Import,894,Zambia,ZMB,716,Zimbabwe,ZWE,,,,,,,,2204,"Wine of fresh grapes, including fortified wines; grape must other than that of heading 20.09.",7,Volume in litres,32916,,,,32916,,25246,,,2
H3,2011,2011,2011,4,0,1,Import,894,Zambia,ZMB,784,United Arab Emirates,ARE,,,,,,,,2204,"Wine of fresh grapes, including fortified wines; grape must other than that of heading 20.09.",7,Volume in litres,8537,,,,8537,,15975,,,2
H3,2011,2011,2011,4,0,2,Export,894,Zambia,ZMB,784,United Arab Emirates,ARE,,,,,,,,2204,"Wine of fresh grapes, including fortified wines; grape must other than that of heading 20.09.",7,Volume in litres,1761,,,,1761,,5270,,,2
H3,2011,2011,2011,4,0,1,Import,894,Zambia,ZMB,826,United Kingdom,GBR,,,,,,,,2204,"Wine of fresh grapes, including fortified wines; grape must other than that of heading 20.09.",7,Volume in litres,57871,,,,57871,,110261,,,2
H3,2011,2011,2011,4,0,1,Import,894,Zambia,ZMB,834,United Rep. of Tanzania,TZA,,,,,,,,2204,"Wine of fresh grapes, including fortified wines; grape must other than that of heading 20.09.",7,Volume in litres,1927,,,,1927,,5962,,,2
H5,2017,2017,2017,4,0,1,Import,894,Zambia,ZMB,0,World,WLD,,,,,,,,2204,"Wine of fresh grapes, including fortified wines; grape must other than that of heading no. 2009",7,Volume in litres,3581153,,,,3668362,,3879735,,,2
H5,2017,2017,2017,4,0,2,Export,894,Zambia,ZMB,0,World,WLD,,,,,,,,2204,"Wine of fresh grapes, including fortified wines; grape must other than that of heading no. 2009",7,Volume in litres,959,,,,959,,5716,,,2
H5,2017,2017,2017,4,0,1,Import,894,Zambia,ZMB,32,Argentina,ARG,,,,,,,,2204,"Wine of fresh grapes, including fortified wines; grape must other than that of heading no. 2009",7,Volume in litres,949,,,,949,,2383,,,2
H5,2017,2017,2017,4,0,1,Import,894,Zambia,ZMB,36,Australia,AUS,,,,,,,,2204,"Wine of fresh grapes, including fortified wines; grape must other than that of heading no. 2009",7,Volume in litres,1320,,,,1320,,2341,,,2
H5,2017,2017,2017,4,0,1,Import,894,Zambia,ZMB,152,Chile,CHL,,,,,,,,2204,"Wine of fresh grapes, including fortified wines; grape must other than that of heading no. 2009",7,Volume in litres,1974,,,,1974,,6350,,,2
H5,2017,2017,2017,4,0,1,Import,894,Zambia,ZMB,156,China,CHN,,,,,,,,2204,"Wine of fresh grapes, including fortified wines; grape must other than that of heading no. 2009",7,Volume in litres,22948,,,,22890,,21865,,,2
H5,2017,2017,2017,4,0,1,Import,894,Zambia,ZMB,251,France,FRA,,,,,,,,2204,"Wine of fresh grapes, including fortified wines; grape must other than that of heading no. 2009",7,Volume in litres,28091,,,,28091,,20302,,,2
H5,2017,2017,2017,4,0,1,Import,894,Zambia,ZMB,381,Italy,ITA,,,,,,,,2204,"Wine of fresh grapes, including fortified wines; grape must other than that of heading no. 2009",7,Volume in litres,9116,,,,9116,,10708,,,2
H5,2017,2017,2017,4,0,2,Export,894,Zambia,ZMB,454,Malawi,MWI,,,,,,,,2204,"Wine of fresh grapes, including fortified wines; grape must other than that of heading no. 2009",7,Volume in litres,50,,,,50,,25,,,2
H5,2017,2017,2017,4,0,1,Import,894,Zambia,ZMB,516,Namibia,NAM,,,,,,,,2204,"Wine of fresh grapes, including fortified wines; grape must other than that of heading no. 2009",7,Volume in litres,111826,,,,111826,,98601,,,2
H5,2017,2017,2017,4,0,1,Import,894,Zambia,ZMB,528,Netherlands,NLD,,,,,,,,2204,"Wine of fresh grapes, including fortified wines; grape must other than that of heading no. 2009",7,Volume in litres,554,,,,554,,2980,,,2
H5,2017,2017,2017,4,0,1,Import,894,Zambia,ZMB,554,New Zealand,NZL,,,,,,,,2204,"Wine of fresh grapes, including fortified wines; grape must other than that of heading no. 2009",7,Volume in litres,647,,,,647,,2984,,,2
H5,2017,2017,2017,4,0,1,Import,894,Zambia,ZMB,620,Portugal,PRT,,,,,,,,2204,"Wine of fresh grapes, including fortified wines; grape must other than that of heading no. 2009",7,Volume in litres,4033,,,,4033,,8967,,,2
H5,2017,2017,2017,4,0,1,Import,894,Zambia,ZMB,642,Romania,ROU,,,,,,,,2204,"Wine of fresh grapes, including fortified wines; grape must other than that of heading no. 2009",7,Volume in litres,14,,,,14,,32,,,2
H5,2017,2017,2017,4,0,1,Import,894,Zambia,ZMB,710,South Africa,ZAF,,,,,,,,2204,"Wine of fresh grapes, including fortified wines; grape must other than that of heading no. 2009",7,Volume in litres,3334976,,,,3422244,,3606113,,,2
H5,2017,2017,2017,4,0,2,Export,894,Zambia,ZMB,710,South Africa,ZAF,,,,,,,,2204,"Wine of fresh grapes, including fortified wines; grape must other than that of heading no. 2009",7,Volume in litres,644,,,,644,,2546,,,2
H5,2017,2017,2017,4,0,1,Import,894,Zambia,ZMB,724,Spain,ESP,,,,,,,,2204,"Wine of fresh grapes, including fortified wines; grape must other than that of heading no. 2009",7,Volume in litres,20660,,,,20660,,15207,,,2
H5,2017,2017,2017,4,0,1,Import,894,Zambia,ZMB,757,Switzerland,CHE,,,,,,,,2204,"Wine of fresh grapes, including fortified wines; grape must other than that of heading no. 2009",7,Volume in litres,51,,,,51,,582,,,2
H5,2017,2017,2017,4,0,1,Import,894,Zambia,ZMB,784,United Arab Emirates,ARE,,,,,,,,2204,"Wine of fresh grapes, including fortified wines; grape must other than that of heading no. 2009",7,Volume in litres,18432,,,,18432,,29682,,,2
H5,2017,2017,2017,4,0,2,Export,894,Zambia,ZMB,784,United Arab Emirates,ARE,,,,,,,,2204,"Wine of fresh grapes, including fortified wines; grape must other than that of heading no. 2009",7,Volume in litres,265,,,,265,,3145,,,2
H5,2017,2017,2017,4,0,1,Import,894,Zambia,ZMB,826,United Kingdom,GBR,,,,,,,,2204,"Wine of fresh grapes, including fortified wines; grape must other than that of heading no. 2009",7,Volume in litres,24585,,,,24585,,47219,,,2
H5,2017,2017,2017,4,0,1,Import,894,Zambia,ZMB,842,USA,USA,,,,,,,,2204,"Wine of fresh grapes, including fortified wines; grape must other than that of heading no. 2009",7,Volume in litres,969,,,,969,,3419,,,2
H5,2018,2018,2018,4,0,1,Import,894,Zambia,ZMB,0,World,WLD,,,,,,,,2204,"Wine of fresh grapes, including fortified wines; grape must other than that of heading no. 2009",7,Volume in litres,3272577,,,,3416662,,4660799,,,2
H5,2018,2018,2018,4,0,2,Export,894,Zambia,ZMB,0,World,WLD,,,,,,,,2204,"Wine of fresh grapes, including fortified wines; grape must other than that of heading no. 2009",7,Volume in litres,107156,,,,107156,,223443,,,2
H5,2018,2018,2018,4,0,1,Import,894,Zambia,ZMB,32,Argentina,ARG,,,,,,,,2204,"Wine of fresh grapes, including fortified wines; grape must other than that of heading no. 2009",7,Volume in litres,976,,,,976,,2550,,,2
H5,2018,2018,2018,4,0,1,Import,894,Zambia,ZMB,36,Australia,AUS,,,,,,,,2204,"Wine of fresh grapes, including fortified wines; grape must other than that of heading no. 2009",7,Volume in litres,1059,,,,1059,,2780,,,2
H5,2018,2018,2018,4,0,1,Import,894,Zambia,ZMB,152,Chile,CHL,,,,,,,,2204,"Wine of fresh grapes, including fortified wines; grape must other than that of heading no. 2009",7,Volume in litres,1279,,,,1279,,4190,,,2
H5,2018,2018,2018,4,0,1,Import,894,Zambia,ZMB,156,China,CHN,,,,,,,,2204,"Wine of fresh grapes, including fortified wines; grape must other than that of heading no. 2009",7,Volume in litres,2872,,,,2872,,41256,,,2
H5,2018,2018,2018,4,0,2,Export,894,Zambia,ZMB,180,Dem. Rep. of the Congo,COD,,,,,,,,2204,"Wine of fresh grapes, including fortified wines; grape must other than that of heading no. 2009",7,Volume in litres,9370,,,,9370,,2845,,,2
H5,2018,2018,2018,4,0,1,Import,894,Zambia,ZMB,251,France,FRA,,,,,,,,2204,"Wine of fresh grapes, including fortified wines; grape must other than that of heading no. 2009",7,Volume in litres,30818,,,,30818,,26988,,,2
H5,2018,2018,2018,4,0,1,Import,894,Zambia,ZMB,381,Italy,ITA,,,,,,,,2204,"Wine of fresh grapes, including fortified wines; grape must other than that of heading no. 2009",7,Volume in litres,13204,,,,13206,,20540,,,2
H5,2018,2018,2018,4,0,1,Import,894,Zambia,ZMB,410,Rep. of Korea,KOR,,,,,,,,2204,"Wine of fresh grapes, including fortified wines; grape must other than that of heading no. 2009",7,Volume in litres,27,,,,27,,195,,,2
H5,2018,2018,2018,4,0,1,Import,894,Zambia,ZMB,516,Namibia,NAM,,,,,,,,2204,"Wine of fresh grapes, including fortified wines; grape must other than that of heading no. 2009",7,Volume in litres,23836,,,,23836,,10408,,,2
H5,2018,2018,2018,4,0,1,Import,894,Zambia,ZMB,528,Netherlands,NLD,,,,,,,,2204,"Wine of fresh grapes, including fortified wines; grape must other than that of heading no. 2009",7,Volume in litres,9,,,,7,,19,,,2
H5,2018,2018,2018,4,0,1,Import,894,Zambia,ZMB,554,New Zealand,NZL,,,,,,,,2204,"Wine of fresh grapes, including fortified wines; grape must other than that of heading no. 2009",7,Volume in litres,390,,,,390,,2043,,,2
H5,2018,2018,2018,4,0,1,Import,894,Zambia,ZMB,604,Peru,PER,,,,,,,,2204,"Wine of fresh grapes, including fortified wines; grape must other than that of heading no. 2009",7,Volume in litres,54,,,,54,,911,,,2
H5,2018,2018,2018,4,0,1,Import,894,Zambia,ZMB,620,Portugal,PRT,,,,,,,,2204,"Wine of fresh grapes, including fortified wines; grape must other than that of heading no. 2009",7,Volume in litres,5168,,,,5168,,25090,,,2
H5,2018,2018,2018,4,0,1,Import,894,Zambia,ZMB,642,Romania,ROU,,,,,,,,2204,"Wine of fresh grapes, including fortified wines; grape must other than that of heading no. 2009",7,Volume in litres,133,,,,133,,301,,,2
H5,2018,2018,2018,4,0,1,Import,894,Zambia,ZMB,710,South Africa,ZAF,,,,,,,,2204,"Wine of fresh grapes, including fortified wines; grape must other than that of heading no. 2009",7,Volume in litres,3173214,,,,3317659,,4485141,,,2
H5,2018,2018,2018,4,0,2,Export,894,Zambia,ZMB,716,Zimbabwe,ZWE,,,,,,,,2204,"Wine of fresh grapes, including fortified wines; grape must other than that of heading no. 2009",7,Volume in litres,61766,,,,61766,,23047,,,2
H5,2018,2018,2018,4,0,1,Import,894,Zambia,ZMB,724,Spain,ESP,,,,,,,,2204,"Wine of fresh grapes, including fortified wines; grape must other than that of heading no. 2009",7,Volume in litres,1145,,,,1145,,3451,,,2
H5,2018,2018,2018,4,0,1,Import,894,Zambia,ZMB,784,United Arab Emirates,ARE,,,,,,,,2204,"Wine of fresh grapes, including fortified wines; grape must other than that of heading no. 2009",7,Volume in litres,524,,,,524,,5026,,,2
H5,2018,2018,2018,4,0,2,Export,894,Zambia,ZMB,784,United Arab Emirates,ARE,,,,,,,,2204,"Wine of fresh grapes, including fortified wines; grape must other than that of heading no. 2009",7,Volume in litres,36020,,,,36020,,197551,,,2
H5,2018,2018,2018,4,0,1,Import,894,Zambia,ZMB,826,United Kingdom,GBR,,,,,,,,2204,"Wine of fresh grapes, including fortified wines; grape must other than that of heading no. 2009",7,Volume in litres,17011,,,,17011,,27989,,,2
H5,2018,2018,2018,4,0,1,Import,894,Zambia,ZMB,842,USA,USA,,,,,,,,2204,"Wine of fresh grapes, including fortified wines; grape must other than that of heading no. 2009",7,Volume in litres,852,,,,493,,1916,,,2
H5,2019,2019,2019,4,0,1,Import,894,Zambia,ZMB,0,World,WLD,,,,,,,,2204,"Wine of fresh grapes, including fortified wines; grape must other than that of heading no. 2009",7,Volume in litres,2653632,,,,2730352,,4017781,,,2
H5,2019,2019,2019,4,0,2,Export,894,Zambia,ZMB,0,World,WLD,,,,,,,,2204,"Wine of fresh grapes, including fortified wines; grape must other than that of heading no. 2009",1,No Quantity,0,,,,50247,,81869,,,2
H5,2019,2019,2019,4,0,3,Re-Export,894,Zambia,ZMB,0,World,WLD,,,,,,,,2204,"Wine of fresh grapes, including fortified wines; grape must other than that of heading no. 2009",1,No Quantity,0,,,,24247,,79309,,,2
H5,2019,2019,2019,4,0,1,Import,894,Zambia,ZMB,32,Argentina,ARG,,,,,,,,2204,"Wine of fresh grapes, including fortified wines; grape must other than that of heading no. 2009",7,Volume in litres,1067,,,,1067,,2844,,,2
H5,2019,2019,2019,4,0,1,Import,894,Zambia,ZMB,36,Australia,AUS,,,,,,,,2204,"Wine of fresh grapes, including fortified wines; grape must other than that of heading no. 2009",7,Volume in litres,1316,,,,1316,,5117,,,2
H5,2019,2019,2019,4,0,1,Import,894,Zambia,ZMB,124,Canada,CAN,,,,,,,,2204,"Wine of fresh grapes, including fortified wines; grape must other than that of heading no. 2009",7,Volume in litres,36,,,,36,,880,,,2
H5,2019,2019,2019,4,0,1,Import,894,Zambia,ZMB,152,Chile,CHL,,,,,,,,2204,"Wine of fresh grapes, including fortified wines; grape must other than that of heading no. 2009",7,Volume in litres,36897,,,,36897,,81842,,,2
H5,2019,2019,2019,4,0,1,Import,894,Zambia,ZMB,156,China,CHN,,,,,,,,2204,"Wine of fresh grapes, including fortified wines; grape must other than that of heading no. 2009",7,Volume in litres,2111,,,,2111,,1932,,,2
H5,2019,2019,2019,4,0,2,Export,894,Zambia,ZMB,180,Dem. Rep. of the Congo,COD,,,,,,,,2204,"Wine of fresh grapes, including fortified wines; grape must other than that of heading no. 2009",1,No Quantity,0,,,,50247,,81869,,,2
H5,2019,2019,2019,4,0,3,Re-Export,894,Zambia,ZMB,180,Dem. Rep. of the Congo,COD,,,,,,,,2204,"Wine of fresh grapes, including fortified wines; grape must other than that of heading no. 2009",1,No Quantity,0,,,,24247,,79309,,,2
H5,2019,2019,2019,4,0,1,Import,894,Zambia,ZMB,251,France,FRA,,,,,,,,2204,"Wine of fresh grapes, including fortified wines; grape must other than that of heading no. 2009",7,Volume in litres,2397,,,,2397,,16988,,,2
H5,2019,2019,2019,4,0,1,Import,894,Zambia,ZMB,381,Italy,ITA,,,,,,,,2204,"Wine of fresh grapes, including fortified wines; grape must other than that of heading no. 2009",7,Volume in litres,19062,,,,19062,,52645,,,2
H5,2019,2019,2019,4,0,1,Import,894,Zambia,ZMB,392,Japan,JPN,,,,,,,,2204,"Wine of fresh grapes, including fortified wines; grape must other than that of heading no. 2009",7,Volume in litres,789,,,,789,,4425,,,2
H5,2019,2019,2019,4,0,1,Import,894,Zambia,ZMB,554,New Zealand,NZL,,,,,,,,2204,"Wine of fresh grapes, including fortified wines; grape must other than that of heading no. 2009",7,Volume in litres,361,,,,361,,1990,,,2
H5,2019,2019,2019,4,0,1,Import,894,Zambia,ZMB,620,Portugal,PRT,,,,,,,,2204,"Wine of fresh grapes, including fortified wines; grape must other than that of heading no. 2009",7,Volume in litres,1424,,,,1424,,11792,,,2
H5,2019,2019,2019,4,0,1,Import,894,Zambia,ZMB,710,South Africa,ZAF,,,,,,,,2204,"Wine of fresh grapes, including fortified wines; grape must other than that of heading no. 2009",7,Volume in litres,2558412,,,,2635132,,3726501,,,2
H5,2019,2019,2019,4,0,1,Import,894,Zambia,ZMB,724,Spain,ESP,,,,,,,,2204,"Wine of fresh grapes, including fortified wines; grape must other than that of heading no. 2009",7,Volume in litres,7444,,,,7444,,19941,,,2
H5,2019,2019,2019,4,0,1,Import,894,Zambia,ZMB,784,United Arab Emirates,ARE,,,,,,,,2204,"Wine of fresh grapes, including fortified wines; grape must other than that of heading no. 2009",7,Volume in litres,21095,,,,21095,,79091,,,2
H5,2019,2019,2019,4,0,1,Import,894,Zambia,ZMB,826,United Kingdom,GBR,,,,,,,,2204,"Wine of fresh grapes, including fortified wines; grape must other than that of heading no. 2009",7,Volume in litres,27,,,,27,,146,,,2
H5,2019,2019,2019,4,0,1,Import,894,Zambia,ZMB,842,USA,USA,,,,,,,,2204,"Wine of fresh grapes, including fortified wines; grape must other than that of heading no. 2009",7,Volume in litres,1194,,,,1194,,11647,,,2
H4,2015,2015,2015,4,0,1,Import,894,Zambia,ZMB,0,World,WLD,,,,,,,,2204,"Wine of fresh grapes, including fortified wines; grape must other than that of heading no. 2009",7,Volume in litres,2564813,,,,2564813,,2708422,,,2
H4,2015,2015,2015,4,0,2,Export,894,Zambia,ZMB,0,World,WLD,,,,,,,,2204,"Wine of fresh grapes, including fortified wines; grape must other than that of heading no. 2009",7,Volume in litres,11321,,,,11321,,6842,,,2
H4,2015,2015,2015,4,0,1,Import,894,Zambia,ZMB,152,Chile,CHL,,,,,,,,2204,"Wine of fresh grapes, including fortified wines; grape must other than that of heading no. 2009",7,Volume in litres,10525,,,,10525,,31580,,,2
H4,2015,2015,2015,4,0,1,Import,894,Zambia,ZMB,156,China,CHN,,,,,,,,2204,"Wine of fresh grapes, including fortified wines; grape must other than that of heading no. 2009",7,Volume in litres,2010,,,,2010,,3071,,,2
H4,2015,2015,2015,4,0,1,Import,894,Zambia,ZMB,251,France,FRA,,,,,,,,2204,"Wine of fresh grapes, including fortified wines; grape must other than that of heading no. 2009",7,Volume in litres,33620,,,,33620,,36683,,,2
H4,2015,2015,2015,4,0,1,Import,894,Zambia,ZMB,381,Italy,ITA,,,,,,,,2204,"Wine of fresh grapes, including fortified wines; grape must other than that of heading no. 2009",7,Volume in litres,26,,,,26,,164,,,2
H4,2015,2015,2015,4,0,1,Import,894,Zambia,ZMB,422,Lebanon,LBN,,,,,,,,2204,"Wine of fresh grapes, including fortified wines; grape must other than that of heading no. 2009",7,Volume in litres,261,,,,261,,124,,,2
H4,2015,2015,2015,4,0,1,Import,894,Zambia,ZMB,516,Namibia,NAM,,,,,,,,2204,"Wine of fresh grapes, including fortified wines; grape must other than that of heading no. 2009",7,Volume in litres,38020,,,,38020,,27377,,,2
H4,2015,2015,2015,4,0,1,Import,894,Zambia,ZMB,620,Portugal,PRT,,,,,,,,2204,"Wine of fresh grapes, including fortified wines; grape must other than that of heading no. 2009",7,Volume in litres,475,,,,475,,23371,,,2
H4,2015,2015,2015,4,0,1,Import,894,Zambia,ZMB,710,South Africa,ZAF,,,,,,,,2204,"Wine of fresh grapes, including fortified wines; grape must other than that of heading no. 2009",7,Volume in litres,2434891,,,,2434891,,2438603,,,2
H4,2015,2015,2015,4,0,2,Export,894,Zambia,ZMB,710,South Africa,ZAF,,,,,,,,2204,"Wine of fresh grapes, including fortified wines; grape must other than that of heading no. 2009",7,Volume in litres,9126,,,,9126,,1795,,,2
H4,2015,2015,2015,4,0,1,Import,894,Zambia,ZMB,716,Zimbabwe,ZWE,,,,,,,,2204,"Wine of fresh grapes, including fortified wines; grape must other than that of heading no. 2009",7,Volume in litres,20000,,,,20000,,28282,,,2
H4,2015,2015,2015,4,0,1,Import,894,Zambia,ZMB,784,United Arab Emirates,ARE,,,,,,,,2204,"Wine of fresh grapes, including fortified wines; grape must other than that of heading no. 2009",7,Volume in litres,5033,,,,5033,,49580,,,2
H4,2015,2015,2015,4,0,2,Export,894,Zambia,ZMB,784,United Arab Emirates,ARE,,,,,,,,2204,"Wine of fresh grapes, including fortified wines; grape must other than that of heading no. 2009",7,Volume in litres,2195,,,,2195,,5047,,,2
H4,2015,2015,2015,4,0,1,Import,894,Zambia,ZMB,826,United Kingdom,GBR,,,,,,,,2204,"Wine of fresh grapes, including fortified wines; grape must other than that of heading no. 2009",7,Volume in litres,19951,,,,19951,,69584,,,2
H4,2016,2016,2016,4,0,1,Import,894,Zambia,ZMB,0,World,WLD,,,,,,,,2204,"Wine of fresh grapes, including fortified wines; grape must other than that of heading no. 2009",7,Volume in litres,2225846,,,,2225846,,2644632,,,2
H4,2016,2016,2016,4,0,2,Export,894,Zambia,ZMB,0,World,WLD,,,,,,,,2204,"Wine of fresh grapes, including fortified wines; grape must other than that of heading no. 2009",7,Volume in litres,2602,,,,2602,,6099,,,2
H4,2016,2016,2016,4,0,1,Import,894,Zambia,ZMB,124,Canada,CAN,,,,,,,,2204,"Wine of fresh grapes, including fortified wines; grape must other than that of heading no. 2009",7,Volume in litres,126,,,,126,,2181,,,2
H4,2016,2016,2016,4,0,1,Import,894,Zambia,ZMB,152,Chile,CHL,,,,,,,,2204,"Wine of fresh grapes, including fortified wines; grape must other than that of heading no. 2009",7,Volume in litres,870,,,,870,,2414,,,2
H4,2016,2016,2016,4,0,1,Import,894,Zambia,ZMB,156,China,CHN,,,,,,,,2204,"Wine of fresh grapes, including fortified wines; grape must other than that of heading no. 2009",7,Volume in litres,100,,,,100,,23427,,,2
H4,2016,2016,2016,4,0,1,Import,894,Zambia,ZMB,251,France,FRA,,,,,,,,2204,"Wine of fresh grapes, including fortified wines; grape must other than that of heading no. 2009",7,Volume in litres,26444,,,,26444,,12249,,,2
H4,2016,2016,2016,4,0,1,Import,894,Zambia,ZMB,381,Italy,ITA,,,,,,,,2204,"Wine of fresh grapes, including fortified wines; grape must other than that of heading no. 2009",7,Volume in litres,597,,,,597,,3150,,,2
H4,2016,2016,2016,4,0,1,Import,894,Zambia,ZMB,516,Namibia,NAM,,,,,,,,2204,"Wine of fresh grapes, including fortified wines; grape must other than that of heading no. 2009",7,Volume in litres,6141,,,,6141,,3894,,,2
H4,2016,2016,2016,4,0,1,Import,894,Zambia,ZMB,528,Netherlands,NLD,,,,,,,,2204,"Wine of fresh grapes, including fortified wines; grape must other than that of heading no. 2009",7,Volume in litres,45,,,,45,,426,,,2
H4,2016,2016,2016,4,0,1,Import,894,Zambia,ZMB,620,Portugal,PRT,,,,,,,,2204,"Wine of fresh grapes, including fortified wines; grape must other than that of heading no. 2009",7,Volume in litres,918,,,,918,,13128,,,2
H4,2016,2016,2016,4,0,1,Import,894,Zambia,ZMB,710,South Africa,ZAF,,,,,,,,2204,"Wine of fresh grapes, including fortified wines; grape must other than that of heading no. 2009",7,Volume in litres,2141871,,,,2141871,,2494735,,,2
H4,2016,2016,2016,4,0,2,Export,894,Zambia,ZMB,710,South Africa,ZAF,,,,,,,,2204,"Wine of fresh grapes, including fortified wines; grape must other than that of heading no. 2009",7,Volume in litres,1029,,,,1029,,2543,,,2
H4,2016,2016,2016,4,0,1,Import,894,Zambia,ZMB,724,Spain,ESP,,,,,,,,2204,"Wine of fresh grapes, including fortified wines; grape must other than that of heading no. 2009",7,Volume in litres,18432,,,,18432,,16268,,,2
H4,2016,2016,2016,4,0,1,Import,894,Zambia,ZMB,784,United Arab Emirates,ARE,,,,,,,,2204,"Wine of fresh grapes, including fortified wines; grape must other than that of heading no. 2009",7,Volume in litres,4650,,,,4650,,13266,,,2
H4,2016,2016,2016,4,0,2,Export,894,Zambia,ZMB,784,United Arab Emirates,ARE,,,,,,,,2204,"Wine of fresh grapes, including fortified wines; grape must other than that of heading no. 2009",7,Volume in litres,1573,,,,1573,,3556,,,2
H4,2016,2016,2016,4,0,1,Import,894,Zambia,ZMB,826,United Kingdom,GBR,,,,,,,,2204,"Wine of fresh grapes, including fortified wines; grape must other than that of heading no. 2009",7,Volume in litres,25649,,,,25649,,59494,,,2
H5,2020,2020,2020,4,0,1,Import,894,Zambia,ZMB,0,World,WLD,,,,,,,,2204,"Wine of fresh grapes, including fortified wines; grape must other than that of heading no. 2009",7,Volume in litres,2697016,,,,2733327,,3238473,,,6
H5,2020,2020,2020,4,0,2,Export,894,Zambia,ZMB,0,World,WLD,,,,,,,,2204,"Wine of fresh grapes, including fortified wines; grape must other than that of heading no. 2009",1,No Quantity,0,,,,34478,,44048,,,2
H5,2020,2020,2020,4,0,3,Re-Export,894,Zambia,ZMB,0,World,WLD,,,,,,,,2204,"Wine of fresh grapes, including fortified wines; grape must other than that of heading no. 2009",1,No Quantity,0,,,,34433,,42728,,,2
H5,2020,2020,2020,4,0,1,Import,894,Zambia,ZMB,32,Argentina,ARG,,,,,,,,2204,"Wine of fresh grapes, including fortified wines; grape must other than that of heading no. 2009",7,Volume in litres,133,,,,133,,351,,,2
H5,2020,2020,2020,4,0,1,Import,894,Zambia,ZMB,36,Australia,AUS,,,,,,,,2204,"Wine of fresh grapes, including fortified wines; grape must other than that of heading no. 2009",7,Volume in litres,243,,,,243,,328,,,2
H5,2020,2020,2020,4,0,1,Import,894,Zambia,ZMB,56,Belgium,BEL,,,,,,,,2204,"Wine of fresh grapes, including fortified wines; grape must other than that of heading no. 2009",7,Volume in litres,15,,,,15,,57,,,2
H5,2020,2020,2020,4,0,1,Import,894,Zambia,ZMB,152,Chile,CHL,,,,,,,,2204,"Wine of fresh grapes, including fortified wines; grape must other than that of heading no. 2009",7,Volume in litres,17144,,,,17144,,42237,,,2
H5,2020,2020,2020,4,0,1,Import,894,Zambia,ZMB,156,China,CHN,,,,,,,,2204,"Wine of fresh grapes, including fortified wines; grape must other than that of heading no. 2009",7,Volume in litres,10850,,,,10850,,10720,,,2
H5,2020,2020,2020,4,0,2,Export,894,Zambia,ZMB,180,Dem. Rep. of the Congo,COD,,,,,,,,2204,"Wine of fresh grapes, including fortified wines; grape must other than that of heading no. 2009",1,No Quantity,0,,,,33067,,33120,,,2
H5,2020,2020,2020,4,0,3,Re-Export,894,Zambia,ZMB,180,Dem. Rep. of the Congo,COD,,,,,,,,2204,"Wine of fresh grapes, including fortified wines; grape must other than that of heading no. 2009",1,No Quantity,0,,,,33067,,33120,,,2
H5,2020,2020,2020,4,0,2,Export,894,Zambia,ZMB,231,Ethiopia,ETH,,,,,,,,2204,"Wine of fresh grapes, including fortified wines; grape must other than that of heading no. 2009",7,Volume in litres,1356,,,,1356,,9564,,,2
H5,2020,2020,2020,4,0,3,Re-Export,894,Zambia,ZMB,231,Ethiopia,ETH,,,,,,,,2204,"Wine of fresh grapes, including fortified wines; grape must other than that of heading no. 2009",7,Volume in litres,1356,,,,1356,,9564,,,2
H5,2020,2020,2020,4,0,1,Import,894,Zambia,ZMB,251,France,FRA,,,,,,,,2204,"Wine of fresh grapes, including fortified wines; grape must other than that of heading no. 2009",7,Volume in litres,92560,,,,92154,,66007,,,6
H5,2020,2020,2020,4,0,1,Import,894,Zambia,ZMB,381,Italy,ITA,,,,,,,,2204,"Wine of fresh grapes, including fortified wines; grape must other than that of heading no. 2009",7,Volume in litres,121454,,,,121454,,100342,,,2
H5,2020,2020,2020,4,0,1,Import,894,Zambia,ZMB,528,Netherlands,NLD,,,,,,,,2204,"Wine of fresh grapes, including fortified wines; grape must other than that of heading no. 2009",7,Volume in litres,18,,,,18,,162,,,2
H5,2020,2020,2020,4,0,1,Import,894,Zambia,ZMB,554,New Zealand,NZL,,,,,,,,2204,"Wine of fresh grapes, including fortified wines; grape must other than that of heading no. 2009",7,Volume in litres,36,,,,36,,225,,,2
H5,2020,2020,2020,4,0,1,Import,894,Zambia,ZMB,620,Portugal,PRT,,,,,,,,2204,"Wine of fresh grapes, including fortified wines; grape must other than that of heading no. 2009",7,Volume in litres,330,,,,330,,409,,,2
H5,2020,2020,2020,4,0,1,Import,894,Zambia,ZMB,699,India,IND,,,,,,,,2204,"Wine of fresh grapes, including fortified wines; grape must other than that of heading no. 2009",7,Volume in litres,450,,,,450,,208,,,2
H5,2020,2020,2020,4,0,1,Import,894,Zambia,ZMB,710,South Africa,ZAF,,,,,,,,2204,"Wine of fresh grapes, including fortified wines; grape must other than that of heading no. 2009",7,Volume in litres,2453737,,,,2490454,,3017227,,,2
H5,2020,2020,2020,4,0,2,Export,894,Zambia,ZMB,710,South Africa,ZAF,,,,,,,,2204,"Wine of fresh grapes, including fortified wines; grape must other than that of heading no. 2009",7,Volume in litres,45,,,,45,,1320,,,2
H5,2020,2020,2020,4,0,1,Import,894,Zambia,ZMB,724,Spain,ESP,,,,,,,,2204,"Wine of fresh grapes, including fortified wines; grape must other than that of heading no. 2009",7,Volume in litres,29,,,,29,,51,,,2
H5,2020,2020,2020,4,0,2,Export,894,Zambia,ZMB,784,United Arab Emirates,ARE,,,,,,,,2204,"Wine of fresh grapes, including fortified wines; grape must other than that of heading no. 2009",7,Volume in litres,10,,,,10,,44,,,2
H5,2020,2020,2020,4,0,3,Re-Export,894,Zambia,ZMB,784,United Arab Emirates,ARE,,,,,,,,2204,"Wine of fresh grapes, including fortified wines; grape must other than that of heading no. 2009",7,Volume in litres,10,,,,10,,44,,,2
H5,2020,2020,2020,4,0,1,Import,894,Zambia,ZMB,826,United Kingdom,GBR,,,,,,,,2204,"Wine of fresh grapes, including fortified wines; grape must other than that of heading no. 2009",7,Volume in litres,3,,,,3,,110,,,2
H5,2020,2020,2020,4,0,1,Import,894,Zambia,ZMB,842,USA,USA,,,,,,,,2204,"Wine of fresh grapes, including fortified wines; grape must other than that of heading no. 2009",7,Volume in litres,14,,,,14,,39,,,2
